task,n_items,r,stretch,stretch_se
egma-math,101,0.3070129206563129,0.5667713343308474,0.17657781373990647
matrix-reasoning,2,-1,-4.344716647318419,NA
trog,89,0.6082130794377436,1.0217990280160245,0.14297064131314446
vocab,158,0.3596494505205906,0.891910581959638,0.1852686706337848
